burst,fs,hop,batch,active_mean,rx_ms_s_mean,infer_ms_s_mean,fill_ms_s_mean,eproxy_ms_s_mean,samp_s_mean,inf_s_mean,pend_peak_mean,n_pwr_windows
1,64,384,1,35.43333333333333,230.2188431372549,197.53217647058824,0.07258823529411766,427.82364705882355,63.600392156862746,0.16748627450980394,1.0,51
8,64,384,1,34.78846153846155,231.0839423076923,196.6027115384616,0.07536538461538463,427.76207692307696,63.31692307692309,0.16675384615384614,0.9807692307692307,52
16,64,384,1,34.74237288135593,232.11242372881355,196.28115254237287,0.0783220338983051,428.4719152542372,63.362881355932196,0.16650677966101696,0.864406779661017,59
64,64,384,1,34.411864406779664,229.2337627118644,190.87467796610167,0.07167796610169491,420.1799830508475,61.43898305084746,0.1620152542372881,0.847457627118644,59
256,64,384,1,34.04666666666666,225.18433333333334,186.38639999999998,0.06885,411.63953333333336,60.499166666666675,0.15821499999999997,0.75,60
